:START_ID,:END_ID,:TYPE
../data/mk4s_manuel/Extruder_blob.md,0,CONTAINS
../data/mk4s_manuel/Extruder_blob.md,1,CONTAINS
../data/mk4s_manuel/Extruder_blob.md,2,CONTAINS
../data/mk4s_manuel/Extruder_blob.md,3,CONTAINS
../data/mk4s_manuel/Extruder_blob.md,4,CONTAINS
../data/mk4s_manuel/Extruder_blob.md,5,CONTAINS
../data/mk4s_manuel/Extruder_blob.md,6,CONTAINS
../data/mk4s_manuel/Extruder_blob.md,7,CONTAINS
../data/mk4s_manuel/Extruder_blob.md,8,CONTAINS
../data/mk4s_manuel/Extruder_blob.md,9,CONTAINS
../data/mk4s_manuel/Extruder_blob.md,10,CONTAINS
../data/mk4s_manuel/Extruder_blob.md,11,CONTAINS
../data/mk4s_manuel/Extruder_blob.md,12,CONTAINS
../data/mk4s_manuel/Extruder_blob.md,13,CONTAINS
../data/mk4s_manuel/Extruder_blob.md,14,CONTAINS
../data/mk4s_manuel/Extruder_blob.md,15,CONTAINS
../data/mk4s_manuel/Extruder_blob.md,16,CONTAINS
../data/mk4s_manuel/Extruder_blob.md,17,CONTAINS
../data/mk4s_manuel/Extruder_blob.md,18,CONTAINS
../data/mk4s_manuel/Extruder_blob.md,19,CONTAINS
../data/mk4s_manuel/Extruder_blob.md,20,CONTAINS
../data/mk4s_manuel/Extruder_blob.md,21,CONTAINS
../data/mk4s_manuel/Extruder_blob.md,22,CONTAINS
../data/mk4s_manuel/Extruder_blob.md,23,CONTAINS
../data/mk4s_manuel/Extruder_blob.md,24,CONTAINS
../data/mk4s_manuel/Extruder_blob.md,25,CONTAINS
../data/mk4s_manuel/Extruder_blob.md,26,CONTAINS
../data/mk4s_manuel/Extruder_blob.md,27,CONTAINS
../data/mk4s_manuel/Extruder_blob.md,28,CONTAINS
../data/mk4s_manuel/Extruder_blob.md,29,CONTAINS
../data/mk4s_manuel/Extruder_blob.md,30,CONTAINS
../data/mk4s_manuel/Extruder_blob.md,31,CONTAINS
../data/mk4s_manuel/Extruder_blob.md,32,CONTAINS
../data/mk4s_manuel/Extruder_blob.md,33,CONTAINS
../data/mk4s_manuel/Extruder_blob.md,34,CONTAINS
../data/mk4s_manuel/Preheat_error.md,35,CONTAINS
../data/mk4s_manuel/Preheat_error.md,36,CONTAINS
../data/mk4s_manuel/Preheat_error.md,37,CONTAINS
../data/mk4s_manuel/Preheat_error.md,38,CONTAINS
../data/mk4s_manuel/Preheat_error.md,39,CONTAINS
../data/mk4s_manuel/Preheat_error.md,40,CONTAINS
../data/mk4s_manuel/Preheat_error.md,41,CONTAINS
../data/mk4s_manuel/Preheat_error.md,42,CONTAINS
../data/mk4s_manuel/Preheat_error.md,43,CONTAINS
../data/mk4s_manuel/Preheat_error.md,44,CONTAINS
../data/mk4s_manuel/Preheat_error.md,45,CONTAINS
../data/mk4s_manuel/Preheat_error.md,46,CONTAINS
../data/mk4s_manuel/Preheat_error.md,47,CONTAINS
../data/mk4s_manuel/Preheat_error.md,48,CONTAINS
../data/mk4s_manuel/Preheat_error.md,49,CONTAINS
../data/mk4s_manuel/Preheat_error.md,50,CONTAINS
../data/mk4s_manuel/Preheat_error.md,51,CONTAINS
../data/mk4s_manuel/Preheat_error.md,52,CONTAINS
../data/mk4s_manuel/Preheat_error.md,53,CONTAINS
../data/mk4s_manuel/Preheat_error.md,54,CONTAINS
../data/mk4s_manuel/Preheat_error.md,55,CONTAINS
../data/mk4s_manuel/Preheat_error.md,56,CONTAINS
../data/mk4s_manuel/Preheat_error.md,57,CONTAINS
../data/mk4s_manuel/Preheat_error.md,58,CONTAINS
../data/mk4s_manuel/Preheat_error.md,59,CONTAINS
../data/mk4s_manuel/Preheat_error.md,60,CONTAINS
../data/mk4s_manuel/Preheat_error.md,61,CONTAINS
../data/mk4s_manuel/Preheat_error.md,62,CONTAINS
../data/mk4s_manuel/Preheat_error.md,63,CONTAINS
../data/mk4s_manuel/Preheat_error.md,64,CONTAINS
../data/mk4s_manuel/Preheat_error.md,65,CONTAINS
../data/mk4s_manuel/Preheat_error.md,66,CONTAINS
../data/mk4s_manuel/Preheat_error.md,67,CONTAINS
../data/mk4s_manuel/Preheat_error.md,68,CONTAINS
../data/mk4s_manuel/Preheat_error.md,69,CONTAINS
../data/mk4s_manuel/Preheat_error.md,70,CONTAINS
../data/mk4s_manuel/First_layer_issues.md,71,CONTAINS
../data/mk4s_manuel/First_layer_issues.md,72,CONTAINS
../data/mk4s_manuel/First_layer_issues.md,73,CONTAINS
../data/mk4s_manuel/First_layer_issues.md,74,CONTAINS
../data/mk4s_manuel/First_layer_issues.md,75,CONTAINS
../data/mk4s_manuel/First_layer_issues.md,76,CONTAINS
../data/mk4s_manuel/First_layer_issues.md,77,CONTAINS
../data/mk4s_manuel/First_layer_issues.md,78,CONTAINS
../data/mk4s_manuel/First_layer_issues.md,79,CONTAINS
../data/mk4s_manuel/First_layer_issues.md,80,CONTAINS
../data/mk4s_manuel/First_layer_issues.md,81,CONTAINS
../data/mk4s_manuel/First_layer_issues.md,82,CONTAINS
../data/mk4s_manuel/First_layer_issues.md,83,CONTAINS
../data/mk4s_manuel/First_layer_issues.md,84,CONTAINS
../data/mk4s_manuel/First_layer_issues.md,85,CONTAINS
../data/mk4s_manuel/First_layer_issues.md,86,CONTAINS
../data/mk4s_manuel/First_layer_issues.md,87,CONTAINS
../data/mk4s_manuel/First_layer_issues.md,88,CONTAINS
../data/mk4s_manuel/First_layer_issues.md,89,CONTAINS
../data/mk4s_manuel/First_layer_issues.md,90,CONTAINS
../data/mk4s_manuel/First_layer_issues.md,91,CONTAINS
../data/mk4s_manuel/First_layer_issues.md,92,CONTAINS
../data/mk4s_manuel/First_layer_issues.md,93,CONTAINS
../data/mk4s_manuel/First_layer_issues.md,94,CONTAINS
../data/mk4s_manuel/First_layer_issues.md,95,CONTAINS
../data/mk4s_manuel/First_layer_issues.md,96,CONTAINS
../data/mk4s_manuel/First_layer_issues.md,97,CONTAINS
../data/mk4s_manuel/First_layer_issues.md,98,CONTAINS
../data/mk4s_manuel/First_layer_issues.md,99,CONTAINS
../data/mk4s_manuel/First_layer_issues.md,100,CONTAINS
../data/mk4s_manuel/First_layer_issues.md,101,CONTAINS
../data/mk4s_manuel/First_layer_issues.md,102,CONTAINS
../data/mk4s_manuel/First_layer_issues.md,103,CONTAINS
../data/mk4s_manuel/First_layer_issues.md,104,CONTAINS
../data/mk4s_manuel/First_layer_issues.md,105,CONTAINS
../data/mk4s_manuel/First_layer_issues.md,106,CONTAINS
../data/mk4s_manuel/First_layer_issues.md,107,CONTAINS
../data/mk4s_manuel/First_layer_issues.md,108,CONTAINS
../data/mk4s_manuel/First_layer_issues.md,109,CONTAINS
../data/mk4s_manuel/First_layer_issues.md,110,CONTAINS
../data/mk4s_manuel/First_layer_issues.md,111,CONTAINS
../data/mk4s_manuel/First_layer_issues.md,112,CONTAINS
../data/mk4s_manuel/First_layer_issues.md,113,CONTAINS
../data/mk4s_manuel/First_layer_issues.md,114,CONTAINS
../data/mk4s_manuel/First_layer_issues.md,115,CONTAINS
../data/mk4s_manuel/First_layer_issues.md,116,CONTAINS
../data/mk4s_manuel/First_layer_issues.md,117,CONTAINS
../data/mk4s_manuel/First_layer_issues.md,118,CONTAINS
../data/mk4s_manuel/First_layer_issues.md,119,CONTAINS
../data/mk4s_manuel/First_layer_issues.md,120,CONTAINS
../data/mk4s_manuel/First_layer_issues.md,121,CONTAINS
../data/mk4s_manuel/First_layer_issues.md,122,CONTAINS
../data/mk4s_manuel/First_layer_issues.md,123,CONTAINS
../data/mk4s_manuel/First_layer_issues.md,124,CONTAINS
../data/mk4s_manuel/First_layer_issues.md,125,CONTAINS
../data/mk4s_manuel/First_layer_issues.md,126,CONTAINS
../data/mk4s_manuel/First_layer_issues.md,127,CONTAINS
../data/mk4s_manuel/First_layer_issues.md,128,CONTAINS
../data/mk4s_manuel/First_layer_issues.md,129,CONTAINS
../data/mk4s_manuel/First_layer_issues.md,130,CONTAINS
../data/mk4s_manuel/First_layer_issues.md,131,CONTAINS
../data/mk4s_manuel/First_layer_issues.md,132,CONTAINS
../data/mk4s_manuel/First_layer_issues.md,133,CONTAINS
../data/mk4s_manuel/First_layer_issues.md,134,CONTAINS
../data/mk4s_manuel/First_layer_issues.md,135,CONTAINS
../data/mk4s_manuel/First_layer_issues.md,136,CONTAINS
../data/mk4s_manuel/First_layer_issues.md,137,CONTAINS
../data/mk4s_manuel/First_layer_issues.md,138,CONTAINS
../data/mk4s_manuel/First_layer_issues.md,139,CONTAINS
../data/mk4s_manuel/First_layer_issues.md,140,CONTAINS
../data/mk4s_manuel/First_layer_issues.md,141,CONTAINS
../data/mk4s_manuel/First_layer_issues.md,142,CONTAINS
../data/mk4s_manuel/First_layer_issues.md,143,CONTAINS
../data/mk4s_manuel/First_layer_issues.md,144,CONTAINS
../data/mk4s_manuel/First_layer_issues.md,145,CONTAINS
../data/mk4s_manuel/First_layer_issues.md,146,CONTAINS
../data/mk4s_manuel/First_layer_issues.md,147,CONTAINS
../data/mk4s_manuel/First_layer_issues.md,148,CONTAINS
../data/mk4s_manuel/First_layer_issues.md,149,CONTAINS
../data/mk4s_manuel/First_layer_issues.md,150,CONTAINS
../data/mk4s_manuel/First_layer_issues.md,151,CONTAINS
../data/mk4s_manuel/First_layer_issues.md,152,CONTAINS
../data/mk4s_manuel/First_layer_issues.md,153,CONTAINS
../data/mk4s_manuel/First_layer_issues.md,154,CONTAINS
../data/mk4s_manuel/First_layer_issues.md,155,CONTAINS
../data/mk4s_manuel/First_layer_issues.md,156,CONTAINS
../data/mk4s_manuel/First_layer_issues.md,157,CONTAINS
../data/mk4s_manuel/First_layer_issues.md,158,CONTAINS
../data/mk4s_manuel/First_layer_issues.md,159,CONTAINS
../data/mk4s_manuel/First_layer_issues.md,160,CONTAINS
../data/mk4s_manuel/First_layer_issues.md,161,CONTAINS
../data/mk4s_manuel/First_layer_issues.md,162,CONTAINS
../data/mk4s_manuel/First_layer_issues.md,163,CONTAINS
../data/mk4s_manuel/First_layer_issues.md,164,CONTAINS
../data/mk4s_manuel/First_layer_issues.md,165,CONTAINS
../data/mk4s_manuel/First_layer_issues.md,166,CONTAINS
../data/mk4s_manuel/First_layer_issues.md,167,CONTAINS
../data/mk4s_manuel/First_layer_issues.md,168,CONTAINS
../data/mk4s_manuel/First_layer_issues.md,169,CONTAINS
../data/mk4s_manuel/First_layer_issues.md,170,CONTAINS
../data/mk4s_manuel/First_layer_issues.md,171,CONTAINS
../data/mk4s_manuel/First_layer_issues.md,172,CONTAINS
../data/mk4s_manuel/First_layer_issues.md,173,CONTAINS
../data/mk4s_manuel/First_layer_issues.md,174,CONTAINS
../data/mk4s_manuel/First_layer_issues.md,175,CONTAINS
../data/mk4s_manuel/First_layer_issues.md,176,CONTAINS
../data/mk4s_manuel/First_layer_issues.md,177,CONTAINS
../data/mk4s_manuel/The_Benchy_hull_line.md,178,CONTAINS
../data/mk4s_manuel/The_Benchy_hull_line.md,179,CONTAINS
../data/mk4s_manuel/The_Benchy_hull_line.md,180,CONTAINS
../data/mk4s_manuel/The_Benchy_hull_line.md,181,CONTAINS
../data/mk4s_manuel/The_Benchy_hull_line.md,182,CONTAINS
../data/mk4s_manuel/The_Benchy_hull_line.md,183,CONTAINS
../data/mk4s_manuel/The_Benchy_hull_line.md,184,CONTAINS
../data/mk4s_manuel/The_Benchy_hull_line.md,185,CONTAINS
../data/mk4s_manuel/The_Benchy_hull_line.md,186,CONTAINS
../data/mk4s_manuel/The_Benchy_hull_line.md,187,CONTAINS
../data/mk4s_manuel/The_Benchy_hull_line.md,188,CONTAINS
../data/mk4s_manuel/The_Benchy_hull_line.md,189,CONTAINS
../data/mk4s_manuel/The_Benchy_hull_line.md,190,CONTAINS
../data/mk4s_manuel/The_Benchy_hull_line.md,191,CONTAINS
../data/mk4s_manuel/The_Benchy_hull_line.md,192,CONTAINS
../data/mk4s_manuel/The_Benchy_hull_line.md,193,CONTAINS
../data/mk4s_manuel/Layer_shifting.md,194,CONTAINS
../data/mk4s_manuel/Layer_shifting.md,195,CONTAINS
../data/mk4s_manuel/Layer_shifting.md,196,CONTAINS
../data/mk4s_manuel/Layer_shifting.md,197,CONTAINS
../data/mk4s_manuel/Layer_shifting.md,198,CONTAINS
../data/mk4s_manuel/Layer_shifting.md,199,CONTAINS
../data/mk4s_manuel/Layer_shifting.md,200,CONTAINS
../data/mk4s_manuel/Layer_shifting.md,201,CONTAINS
../data/mk4s_manuel/Layer_shifting.md,202,CONTAINS
../data/mk4s_manuel/Layer_shifting.md,203,CONTAINS
../data/mk4s_manuel/Layer_shifting.md,204,CONTAINS
../data/mk4s_manuel/Layer_shifting.md,205,CONTAINS
../data/mk4s_manuel/Layer_shifting.md,206,CONTAINS
../data/mk4s_manuel/Layer_shifting.md,207,CONTAINS
../data/mk4s_manuel/Layer_shifting.md,208,CONTAINS
../data/mk4s_manuel/Layer_shifting.md,209,CONTAINS
../data/mk4s_manuel/Layer_shifting.md,210,CONTAINS
../data/mk4s_manuel/Layer_shifting.md,211,CONTAINS
../data/mk4s_manuel/Layer_shifting.md,212,CONTAINS
../data/mk4s_manuel/Layer_shifting.md,213,CONTAINS
../data/mk4s_manuel/Layer_shifting.md,214,CONTAINS
../data/mk4s_manuel/Layer_shifting.md,215,CONTAINS
../data/mk4s_manuel/Layer_shifting.md,216,CONTAINS
../data/mk4s_manuel/Layer_shifting.md,217,CONTAINS
../data/mk4s_manuel/Layer_shifting.md,218,CONTAINS
../data/mk4s_manuel/Layer_shifting.md,219,CONTAINS
../data/mk4s_manuel/Layer_shifting.md,220,CONTAINS
../data/mk4s_manuel/Layer_shifting.md,221,CONTAINS
../data/mk4s_manuel/Layer_shifting.md,222,CONTAINS
../data/mk4s_manuel/Layer_shifting.md,223,CONTAINS
../data/mk4s_manuel/Layer_shifting.md,224,CONTAINS
../data/mk4s_manuel/Layer_shifting.md,225,CONTAINS
../data/mk4s_manuel/Layer_shifting.md,226,CONTAINS
../data/mk4s_manuel/Layer_shifting.md,227,CONTAINS
../data/mk4s_manuel/Layer_shifting.md,228,CONTAINS
../data/mk4s_manuel/Layer_shifting.md,229,CONTAINS
../data/mk4s_manuel/Layer_shifting.md,230,CONTAINS
../data/mk4s_manuel/Layer_shifting.md,231,CONTAINS
../data/mk4s_manuel/Layer_shifting.md,232,CONTAINS
../data/mk4s_manuel/Layer_shifting.md,233,CONTAINS
../data/mk4s_manuel/Layer_shifting.md,234,CONTAINS
../data/mk4s_manuel/Layer_shifting.md,235,CONTAINS
../data/mk4s_manuel/Layer_shifting.md,236,CONTAINS
../data/mk4s_manuel/Layer_shifting.md,237,CONTAINS
../data/mk4s_manuel/Layer_shifting.md,238,CONTAINS
../data/mk4s_manuel/Layer_shifting.md,239,CONTAINS
../data/mk4s_manuel/Layer_shifting.md,240,CONTAINS
../data/mk4s_manuel/Layer_shifting.md,241,CONTAINS
../data/mk4s_manuel/Layer_shifting.md,242,CONTAINS
../data/mk4s_manuel/Layer_shifting.md,243,CONTAINS
../data/mk4s_manuel/Layer_shifting.md,244,CONTAINS
../data/mk4s_manuel/Layer_shifting.md,245,CONTAINS
../data/mk4s_manuel/Layer_shifting.md,246,CONTAINS
../data/mk4s_manuel/Layer_shifting.md,247,CONTAINS
../data/mk4s_manuel/Layer_shifting.md,248,CONTAINS
../data/mk4s_manuel/Layer_shifting.md,249,CONTAINS
../data/mk4s_manuel/Layer_shifting.md,250,CONTAINS
../data/mk4s_manuel/Layer_shifting.md,251,CONTAINS
../data/mk4s_manuel/Layer_shifting.md,252,CONTAINS
../data/mk4s_manuel/Layer_shifting.md,253,CONTAINS
../data/mk4s_manuel/Layer_shifting.md,254,CONTAINS
../data/mk4s_manuel/Layer_shifting.md,255,CONTAINS
../data/mk4s_manuel/Layer_shifting.md,256,CONTAINS
../data/mk4s_manuel/Layer_shifting.md,257,CONTAINS
../data/mk4s_manuel/Layer_shifting.md,258,CONTAINS
../data/mk4s_manuel/Layer_shifting.md,259,CONTAINS
../data/mk4s_manuel/Layer_shifting.md,260,CONTAINS
../data/mk4s_manuel/Layer_shifting.md,261,CONTAINS
../data/mk4s_manuel/Layer_shifting.md,262,CONTAINS
../data/mk4s_manuel/Layer_shifting.md,263,CONTAINS
../data/mk4s_manuel/Layer_shifting.md,264,CONTAINS
../data/mk4s_manuel/Layer_shifting.md,265,CONTAINS
../data/mk4s_manuel/Layer_shifting.md,266,CONTAINS
../data/mk4s_manuel/Layer_shifting.md,267,CONTAINS
../data/mk4s_manuel/Layer_shifting.md,268,CONTAINS
../data/mk4s_manuel/Layer_shifting.md,269,CONTAINS
../data/mk4s_manuel/Layer_shifting.md,270,CONTAINS
../data/mk4s_manuel/Layer_shifting.md,271,CONTAINS
../data/mk4s_manuel/Layer_shifting.md,272,CONTAINS
../data/mk4s_manuel/Layer_shifting.md,273,CONTAINS
../data/mk4s_manuel/Layer_shifting.md,274,CONTAINS
../data/mk4s_manuel/Layer_shifting.md,275,CONTAINS
../data/mk4s_manuel/Layer_shifting.md,276,CONTAINS
../data/mk4s_manuel/Layer_shifting.md,277,CONTAINS
../data/mk4s_manuel/Layer_shifting.md,278,CONTAINS
../data/mk4s_manuel/Layer_shifting.md,279,CONTAINS
../data/mk4s_manuel/Layer_shifting.md,280,CONTAINS
../data/mk4s_manuel/Layer_shifting.md,281,CONTAINS
../data/mk4s_manuel/Layer_shifting.md,282,CONTAINS
../data/mk4s_manuel/Layer_shifting.md,283,CONTAINS
../data/mk4s_manuel/Layer_shifting.md,284,CONTAINS
../data/mk4s_manuel/Layer_shifting.md,285,CONTAINS
../data/mk4s_manuel/Layer_shifting.md,286,CONTAINS
../data/mk4s_manuel/Layer_shifting.md,287,CONTAINS
../data/mk4s_manuel/Layer_shifting.md,288,CONTAINS
../data/mk4s_manuel/Layer_shifting.md,289,CONTAINS
../data/mk4s_manuel/Layer_shifting.md,290,CONTAINS
../data/mk4s_manuel/Layer_shifting.md,291,CONTAINS
../data/mk4s_manuel/Layer_shifting.md,292,CONTAINS
../data/mk4s_manuel/Layer_shifting.md,293,CONTAINS
../data/mk4s_manuel/Layer_shifting.md,294,CONTAINS
../data/mk4s_manuel/Layer_shifting.md,295,CONTAINS
../data/mk4s_manuel/Layer_shifting.md,296,CONTAINS
../data/mk4s_manuel/Layer_shifting.md,297,CONTAINS
../data/mk4s_manuel/Layer_shifting.md,298,CONTAINS
../data/mk4s_manuel/Layer_shifting.md,299,CONTAINS
../data/mk4s_manuel/Layer_shifting.md,300,CONTAINS
../data/mk4s_manuel/Layer_shifting.md,301,CONTAINS
../data/mk4s_manuel/Layer_shifting.md,302,CONTAINS
../data/mk4s_manuel/Layer_shifting.md,303,CONTAINS
../data/mk4s_manuel/Layer_shifting.md,304,CONTAINS
../data/mk4s_manuel/Layer_shifting.md,305,CONTAINS
../data/mk4s_manuel/Layer_shifting.md,306,CONTAINS
../data/mk4s_manuel/Layer_shifting.md,307,CONTAINS
../data/mk4s_manuel/MINTEMP_error_and_MINTEMP_BED.md,308,CONTAINS
../data/mk4s_manuel/MINTEMP_error_and_MINTEMP_BED.md,309,CONTAINS
../data/mk4s_manuel/MINTEMP_error_and_MINTEMP_BED.md,310,CONTAINS
../data/mk4s_manuel/MINTEMP_error_and_MINTEMP_BED.md,311,CONTAINS
../data/mk4s_manuel/MINTEMP_error_and_MINTEMP_BED.md,312,CONTAINS
../data/mk4s_manuel/MINTEMP_error_and_MINTEMP_BED.md,313,CONTAINS
../data/mk4s_manuel/MINTEMP_error_and_MINTEMP_BED.md,314,CONTAINS
../data/mk4s_manuel/MINTEMP_error_and_MINTEMP_BED.md,315,CONTAINS
../data/mk4s_manuel/MINTEMP_error_and_MINTEMP_BED.md,316,CONTAINS
../data/mk4s_manuel/MINTEMP_error_and_MINTEMP_BED.md,317,CONTAINS
../data/mk4s_manuel/MINTEMP_error_and_MINTEMP_BED.md,318,CONTAINS
../data/mk4s_manuel/MINTEMP_error_and_MINTEMP_BED.md,319,CONTAINS
../data/mk4s_manuel/MINTEMP_error_and_MINTEMP_BED.md,320,CONTAINS
../data/mk4s_manuel/MINTEMP_error_and_MINTEMP_BED.md,321,CONTAINS
../data/mk4s_manuel/MINTEMP_error_and_MINTEMP_BED.md,322,CONTAINS
../data/mk4s_manuel/MINTEMP_error_and_MINTEMP_BED.md,323,CONTAINS
../data/mk4s_manuel/MINTEMP_error_and_MINTEMP_BED.md,324,CONTAINS
../data/mk4s_manuel/MINTEMP_error_and_MINTEMP_BED.md,325,CONTAINS
../data/mk4s_manuel/MINTEMP_error_and_MINTEMP_BED.md,326,CONTAINS
../data/mk4s_manuel/MINTEMP_error_and_MINTEMP_BED.md,327,CONTAINS
../data/mk4s_manuel/MINTEMP_error_and_MINTEMP_BED.md,328,CONTAINS
../data/mk4s_manuel/MINTEMP_error_and_MINTEMP_BED.md,329,CONTAINS
../data/mk4s_manuel/MINTEMP_error_and_MINTEMP_BED.md,330,CONTAINS
../data/mk4s_manuel/MINTEMP_error_and_MINTEMP_BED.md,331,CONTAINS
../data/mk4s_manuel/MINTEMP_error_and_MINTEMP_BED.md,332,CONTAINS
../data/mk4s_manuel/MINTEMP_error_and_MINTEMP_BED.md,333,CONTAINS
../data/mk4s_manuel/MINTEMP_error_and_MINTEMP_BED.md,334,CONTAINS
../data/mk4s_manuel/MINTEMP_error_and_MINTEMP_BED.md,335,CONTAINS
../data/mk4s_manuel/MINTEMP_error_and_MINTEMP_BED.md,336,CONTAINS
../data/mk4s_manuel/MINTEMP_error_and_MINTEMP_BED.md,337,CONTAINS
../data/mk4s_manuel/MINTEMP_error_and_MINTEMP_BED.md,338,CONTAINS
../data/mk4s_manuel/MINTEMP_error_and_MINTEMP_BED.md,339,CONTAINS
../data/mk4s_manuel/MINTEMP_error_and_MINTEMP_BED.md,340,CONTAINS
../data/mk4s_manuel/MINTEMP_error_and_MINTEMP_BED.md,341,CONTAINS
../data/mk4s_manuel/MINTEMP_error_and_MINTEMP_BED.md,342,CONTAINS
../data/mk4s_manuel/MINTEMP_error_and_MINTEMP_BED.md,343,CONTAINS
../data/mk4s_manuel/MINTEMP_error_and_MINTEMP_BED.md,344,CONTAINS
../data/mk4s_manuel/MINTEMP_error_and_MINTEMP_BED.md,345,CONTAINS
../data/mk4s_manuel/MINTEMP_error_and_MINTEMP_BED.md,346,CONTAINS
../data/mk4s_manuel/MINTEMP_error_and_MINTEMP_BED.md,347,CONTAINS
../data/mk4s_manuel/MINTEMP_error_and_MINTEMP_BED.md,348,CONTAINS
../data/mk4s_manuel/MINTEMP_error_and_MINTEMP_BED.md,349,CONTAINS
../data/mk4s_manuel/MINTEMP_error_and_MINTEMP_BED.md,350,CONTAINS
../data/mk4s_manuel/MINTEMP_error_and_MINTEMP_BED.md,351,CONTAINS
../data/mk4s_manuel/MINTEMP_error_and_MINTEMP_BED.md,352,CONTAINS
../data/mk4s_manuel/MINTEMP_error_and_MINTEMP_BED.md,353,CONTAINS
../data/mk4s_manuel/MINTEMP_error_and_MINTEMP_BED.md,354,CONTAINS
../data/mk4s_manuel/MINTEMP_error_and_MINTEMP_BED.md,355,CONTAINS
../data/mk4s_manuel/MINTEMP_error_and_MINTEMP_BED.md,356,CONTAINS
../data/mk4s_manuel/MINTEMP_error_and_MINTEMP_BED.md,357,CONTAINS
../data/mk4s_manuel/MINTEMP_error_and_MINTEMP_BED.md,358,CONTAINS
../data/mk4s_manuel/stringing_and_oozing.md,359,CONTAINS
../data/mk4s_manuel/stringing_and_oozing.md,360,CONTAINS
../data/mk4s_manuel/stringing_and_oozing.md,361,CONTAINS
../data/mk4s_manuel/stringing_and_oozing.md,362,CONTAINS
../data/mk4s_manuel/stringing_and_oozing.md,363,CONTAINS
../data/mk4s_manuel/stringing_and_oozing.md,364,CONTAINS
../data/mk4s_manuel/stringing_and_oozing.md,365,CONTAINS
../data/mk4s_manuel/stringing_and_oozing.md,366,CONTAINS
../data/mk4s_manuel/stringing_and_oozing.md,367,CONTAINS
../data/mk4s_manuel/stringing_and_oozing.md,368,CONTAINS
../data/mk4s_manuel/stringing_and_oozing.md,369,CONTAINS
../data/mk4s_manuel/stringing_and_oozing.md,370,CONTAINS
../data/mk4s_manuel/stringing_and_oozing.md,371,CONTAINS
../data/mk4s_manuel/stringing_and_oozing.md,372,CONTAINS
../data/mk4s_manuel/stringing_and_oozing.md,373,CONTAINS
../data/mk4s_manuel/stringing_and_oozing.md,374,CONTAINS
../data/mk4s_manuel/stringing_and_oozing.md,375,CONTAINS
../data/mk4s_manuel/stringing_and_oozing.md,376,CONTAINS
../data/mk4s_manuel/stringing_and_oozing.md,377,CONTAINS
../data/mk4s_manuel/stringing_and_oozing.md,378,CONTAINS
../data/mk4s_manuel/stringing_and_oozing.md,379,CONTAINS
../data/mk4s_manuel/stringing_and_oozing.md,380,CONTAINS
../data/mk4s_manuel/stringing_and_oozing.md,381,CONTAINS
../data/mk4s_manuel/stringing_and_oozing.md,382,CONTAINS
../data/mk4s_manuel/stringing_and_oozing.md,383,CONTAINS
../data/mk4s_manuel/stringing_and_oozing.md,384,CONTAINS
../data/mk4s_manuel/stringing_and_oozing.md,385,CONTAINS
../data/mk4s_manuel/stringing_and_oozing.md,386,CONTAINS
../data/mk4s_manuel/stringing_and_oozing.md,387,CONTAINS
../data/mk4s_manuel/stringing_and_oozing.md,388,CONTAINS
../data/mk4s_manuel/stringing_and_oozing.md,389,CONTAINS
../data/mk4s_manuel/stringing_and_oozing.md,390,CONTAINS
../data/mk4s_manuel/stringing_and_oozing.md,391,CONTAINS
../data/mk4s_manuel/stringing_and_oozing.md,392,CONTAINS
../data/mk4s_manuel/stringing_and_oozing.md,393,CONTAINS
../data/mk4s_manuel/stringing_and_oozing.md,394,CONTAINS
../data/mk4s_manuel/stringing_and_oozing.md,395,CONTAINS
../data/mk4s_manuel/stringing_and_oozing.md,396,CONTAINS
../data/mk4s_manuel/stringing_and_oozing.md,397,CONTAINS
../data/mk4s_manuel/stringing_and_oozing.md,398,CONTAINS
../data/mk4s_manuel/stringing_and_oozing.md,399,CONTAINS
../data/mk4s_manuel/stringing_and_oozing.md,400,CONTAINS
../data/mk4s_manuel/stringing_and_oozing.md,401,CONTAINS
../data/mk4s_manuel/stringing_and_oozing.md,402,CONTAINS
../data/mk4s_manuel/stringing_and_oozing.md,403,CONTAINS
../data/mk4s_manuel/stringing_and_oozing.md,404,CONTAINS
../data/mk4s_manuel/stringing_and_oozing.md,405,CONTAINS
../data/mk4s_manuel/stringing_and_oozing.md,406,CONTAINS
../data/mk4s_manuel/stringing_and_oozing.md,407,CONTAINS
../data/mk4s_manuel/stringing_and_oozing.md,408,CONTAINS
../data/mk4s_manuel/stringing_and_oozing.md,409,CONTAINS
../data/mk4s_manuel/stringing_and_oozing.md,410,CONTAINS
../data/mk4s_manuel/stringing_and_oozing.md,411,CONTAINS
../data/mk4s_manuel/stringing_and_oozing.md,412,CONTAINS
../data/mk4s_manuel/stringing_and_oozing.md,413,CONTAINS
../data/mk4s_manuel/stringing_and_oozing.md,414,CONTAINS
../data/mk4s_manuel/stringing_and_oozing.md,415,CONTAINS
../data/mk4s_manuel/stringing_and_oozing.md,416,CONTAINS
../data/mk4s_manuel/stringing_and_oozing.md,417,CONTAINS
../data/mk4s_manuel/stringing_and_oozing.md,418,CONTAINS
../data/mk4s_manuel/stringing_and_oozing.md,419,CONTAINS
../data/mk4s_manuel/stringing_and_oozing.md,420,CONTAINS
../data/mk4s_manuel/stringing_and_oozing.md,421,CONTAINS
../data/mk4s_manuel/stringing_and_oozing.md,422,CONTAINS
../data/mk4s_manuel/stringing_and_oozing.md,423,CONTAINS
../data/mk4s_manuel/stringing_and_oozing.md,424,CONTAINS
../data/mk4s_manuel/stringing_and_oozing.md,425,CONTAINS
../data/mk4s_manuel/stringing_and_oozing.md,426,CONTAINS
../data/mk4s_manuel/stringing_and_oozing.md,427,CONTAINS
../data/mk4s_manuel/stringing_and_oozing.md,428,CONTAINS
../data/mk4s_manuel/stringing_and_oozing.md,429,CONTAINS
../data/mk4s_manuel/stringing_and_oozing.md,430,CONTAINS
../data/mk4s_manuel/stringing_and_oozing.md,431,CONTAINS
../data/mk4s_manuel/stringing_and_oozing.md,432,CONTAINS
../data/mk4s_manuel/stringing_and_oozing.md,433,CONTAINS
../data/mk4s_manuel/stringing_and_oozing.md,434,CONTAINS
../data/mk4s_manuel/stringing_and_oozing.md,435,CONTAINS
../data/mk4s_manuel/stringing_and_oozing.md,436,CONTAINS
../data/mk4s_manuel/stringing_and_oozing.md,437,CONTAINS
../data/mk4s_manuel/stringing_and_oozing.md,438,CONTAINS
../data/mk4s_manuel/stringing_and_oozing.md,439,CONTAINS
../data/mk4s_manuel/stringing_and_oozing.md,440,CONTAINS
../data/mk4s_manuel/stringing_and_oozing.md,441,CONTAINS
../data/mk4s_manuel/stringing_and_oozing.md,442,CONTAINS
../data/mk4s_manuel/stringing_and_oozing.md,443,CONTAINS
../data/mk4s_manuel/stringing_and_oozing.md,444,CONTAINS
../data/mk4s_manuel/stringing_and_oozing.md,445,CONTAINS
../data/mk4s_manuel/stringing_and_oozing.md,446,CONTAINS
../data/mk4s_manuel/stringing_and_oozing.md,447,CONTAINS
../data/mk4s_manuel/stringing_and_oozing.md,448,CONTAINS
../data/mk4s_manuel/stringing_and_oozing.md,449,CONTAINS
../data/mk4s_manuel/stringing_and_oozing.md,450,CONTAINS
../data/mk4s_manuel/stringing_and_oozing.md,451,CONTAINS
../data/mk4s_manuel/stringing_and_oozing.md,452,CONTAINS
../data/mk4s_manuel/stringing_and_oozing.md,453,CONTAINS
../data/mk4s_manuel/stringing_and_oozing.md,454,CONTAINS
../data/mk4s_manuel/stringing_and_oozing.md,455,CONTAINS
../data/mk4s_manuel/stringing_and_oozing.md,456,CONTAINS
../data/mk4s_manuel/stringing_and_oozing.md,457,CONTAINS
../data/mk4s_manuel/stringing_and_oozing.md,458,CONTAINS
../data/mk4s_manuel/stringing_and_oozing.md,459,CONTAINS
../data/mk4s_manuel/stringing_and_oozing.md,460,CONTAINS
../data/mk4s_manuel/stringing_and_oozing.md,461,CONTAINS
../data/mk4s_manuel/stringing_and_oozing.md,462,CONTAINS
../data/mk4s_manuel/stringing_and_oozing.md,463,CONTAINS
../data/mk4s_manuel/stringing_and_oozing.md,464,CONTAINS
../data/mk4s_manuel/stringing_and_oozing.md,465,CONTAINS
../data/mk4s_manuel/stringing_and_oozing.md,466,CONTAINS
../data/mk4s_manuel/stringing_and_oozing.md,467,CONTAINS
../data/mk4s_manuel/stringing_and_oozing.md,468,CONTAINS
../data/mk4s_manuel/stringing_and_oozing.md,469,CONTAINS
../data/mk4s_manuel/stringing_and_oozing.md,470,CONTAINS
../data/mk4s_manuel/stringing_and_oozing.md,471,CONTAINS
../data/mk4s_manuel/stringing_and_oozing.md,472,CONTAINS
../data/mk4s_manuel/stringing_and_oozing.md,473,CONTAINS
../data/mk4s_manuel/stringing_and_oozing.md,474,CONTAINS
../data/mk4s_manuel/stringing_and_oozing.md,475,CONTAINS
../data/mk4s_manuel/stringing_and_oozing.md,476,CONTAINS
../data/mk4s_manuel/stringing_and_oozing.md,477,CONTAINS
../data/mk4s_manuel/stringing_and_oozing.md,478,CONTAINS
../data/mk4s_manuel/stringing_and_oozing.md,479,CONTAINS
../data/mk4s_manuel/stringing_and_oozing.md,480,CONTAINS
../data/mk4s_manuel/stringing_and_oozing.md,481,CONTAINS
../data/mk4s_manuel/stringing_and_oozing.md,482,CONTAINS
../data/mk4s_manuel/stringing_and_oozing.md,483,CONTAINS
../data/mk4s_manuel/stringing_and_oozing.md,484,CONTAINS
../data/mk4s_manuel/stringing_and_oozing.md,485,CONTAINS
../data/mk4s_manuel/stringing_and_oozing.md,486,CONTAINS
../data/mk4s_manuel/stringing_and_oozing.md,487,CONTAINS
../data/mk4s_manuel/stringing_and_oozing.md,488,CONTAINS
../data/mk4s_manuel/stringing_and_oozing.md,489,CONTAINS
../data/mk4s_manuel/stringing_and_oozing.md,490,CONTAINS
../data/mk4s_manuel/stringing_and_oozing.md,491,CONTAINS
../data/mk4s_manuel/stringing_and_oozing.md,492,CONTAINS
../data/mk4s_manuel/stringing_and_oozing.md,493,CONTAINS
../data/mk4s_manuel/stringing_and_oozing.md,494,CONTAINS
../data/mk4s_manuel/stringing_and_oozing.md,495,CONTAINS
../data/mk4s_manuel/stringing_and_oozing.md,496,CONTAINS
../data/mk4s_manuel/stringing_and_oozing.md,497,CONTAINS
../data/mk4s_manuel/stringing_and_oozing.md,498,CONTAINS
../data/mk4s_manuel/stringing_and_oozing.md,499,CONTAINS
../data/mk4s_manuel/stringing_and_oozing.md,500,CONTAINS
../data/mk4s_manuel/stringing_and_oozing.md,501,CONTAINS
../data/mk4s_manuel/stringing_and_oozing.md,502,CONTAINS
../data/mk4s_manuel/stringing_and_oozing.md,503,CONTAINS
../data/mk4s_manuel/stringing_and_oozing.md,504,CONTAINS
../data/mk4s_manuel/stringing_and_oozing.md,505,CONTAINS
../data/mk4s_manuel/stringing_and_oozing.md,506,CONTAINS
../data/mk4s_manuel/stringing_and_oozing.md,507,CONTAINS
../data/mk4s_manuel/stringing_and_oozing.md,508,CONTAINS
../data/mk4s_manuel/stringing_and_oozing.md,509,CONTAINS
../data/mk4s_manuel/stringing_and_oozing.md,510,CONTAINS
../data/mk4s_manuel/stringing_and_oozing.md,511,CONTAINS
../data/mk4s_manuel/stringing_and_oozing.md,512,CONTAINS
../data/mk4s_manuel/stringing_and_oozing.md,513,CONTAINS
../data/mk4s_manuel/stringing_and_oozing.md,514,CONTAINS
../data/mk4s_manuel/stringing_and_oozing.md,515,CONTAINS
../data/mk4s_manuel/stringing_and_oozing.md,516,CONTAINS
../data/mk4s_manuel/stringing_and_oozing.md,517,CONTAINS
../data/mk4s_manuel/stringing_and_oozing.md,518,CONTAINS
../data/mk4s_manuel/stringing_and_oozing.md,519,CONTAINS
../data/mk4s_manuel/stringing_and_oozing.md,520,CONTAINS
../data/mk4s_manuel/stringing_and_oozing.md,521,CONTAINS
../data/mk4s_manuel/stringing_and_oozing.md,522,CONTAINS
../data/mk4s_manuel/stringing_and_oozing.md,523,CONTAINS
../data/mk4s_manuel/stringing_and_oozing.md,524,CONTAINS
../data/mk4s_manuel/stringing_and_oozing.md,525,CONTAINS
../data/mk4s_manuel/stringing_and_oozing.md,526,CONTAINS
../data/mk4s_manuel/stringing_and_oozing.md,527,CONTAINS
../data/mk4s_manuel/stringing_and_oozing.md,528,CONTAINS
../data/mk4s_manuel/stringing_and_oozing.md,529,CONTAINS
../data/mk4s_manuel/stringing_and_oozing.md,530,CONTAINS
../data/mk4s_manuel/stringing_and_oozing.md,531,CONTAINS
../data/mk4s_manuel/stringing_and_oozing.md,532,CONTAINS
../data/mk4s_manuel/stringing_and_oozing.md,533,CONTAINS
../data/mk4s_manuel/stringing_and_oozing.md,534,CONTAINS
../data/mk4s_manuel/stringing_and_oozing.md,535,CONTAINS
../data/mk4s_manuel/stringing_and_oozing.md,536,CONTAINS
../data/mk4s_manuel/stringing_and_oozing.md,537,CONTAINS
../data/mk4s_manuel/stringing_and_oozing.md,538,CONTAINS
../data/mk4s_manuel/stringing_and_oozing.md,539,CONTAINS
../data/mk4s_manuel/stringing_and_oozing.md,540,CONTAINS
../data/mk4s_manuel/stringing_and_oozing.md,541,CONTAINS
../data/mk4s_manuel/stringing_and_oozing.md,542,CONTAINS
../data/mk4s_manuel/stringing_and_oozing.md,543,CONTAINS
../data/mk4s_manuel/stringing_and_oozing.md,544,CONTAINS
../data/mk4s_manuel/stringing_and_oozing.md,545,CONTAINS
../data/mk4s_manuel/stringing_and_oozing.md,546,CONTAINS
../data/mk4s_manuel/stringing_and_oozing.md,547,CONTAINS
../data/mk4s_manuel/stringing_and_oozing.md,548,CONTAINS
../data/mk4s_manuel/stringing_and_oozing.md,549,CONTAINS
../data/mk4s_manuel/stringing_and_oozing.md,550,CONTAINS
../data/mk4s_manuel/stringing_and_oozing.md,551,CONTAINS
../data/mk4s_manuel/stringing_and_oozing.md,552,CONTAINS
../data/mk4s_manuel/stringing_and_oozing.md,553,CONTAINS
../data/mk4s_manuel/stringing_and_oozing.md,554,CONTAINS
../data/mk4s_manuel/stringing_and_oozing.md,555,CONTAINS
../data/mk4s_manuel/stringing_and_oozing.md,556,CONTAINS
../data/mk4s_manuel/stringing_and_oozing.md,557,CONTAINS
../data/mk4s_manuel/stringing_and_oozing.md,558,CONTAINS
../data/mk4s_manuel/stringing_and_oozing.md,559,CONTAINS
../data/mk4s_manuel/stringing_and_oozing.md,560,CONTAINS
../data/mk4s_manuel/stringing_and_oozing.md,561,CONTAINS
../data/mk4s_manuel/stringing_and_oozing.md,562,CONTAINS
../data/mk4s_manuel/stringing_and_oozing.md,563,CONTAINS
../data/mk4s_manuel/stringing_and_oozing.md,564,CONTAINS
../data/mk4s_manuel/stringing_and_oozing.md,565,CONTAINS
../data/mk4s_manuel/stringing_and_oozing.md,566,CONTAINS
../data/mk4s_manuel/stringing_and_oozing.md,567,CONTAINS
../data/mk4s_manuel/stringing_and_oozing.md,568,CONTAINS
../data/mk4s_manuel/stringing_and_oozing.md,569,CONTAINS
../data/mk4s_manuel/stringing_and_oozing.md,570,CONTAINS
../data/mk4s_manuel/stringing_and_oozing.md,571,CONTAINS
../data/mk4s_manuel/stringing_and_oozing.md,572,CONTAINS
../data/mk4s_manuel/stringing_and_oozing.md,573,CONTAINS
../data/mk4s_manuel/SD_cards_and_USB_drives.md,574,CONTAINS
../data/mk4s_manuel/SD_cards_and_USB_drives.md,575,CONTAINS
../data/mk4s_manuel/SD_cards_and_USB_drives.md,576,CONTAINS
../data/mk4s_manuel/SD_cards_and_USB_drives.md,577,CONTAINS
../data/mk4s_manuel/SD_cards_and_USB_drives.md,578,CONTAINS
../data/mk4s_manuel/SD_cards_and_USB_drives.md,579,CONTAINS
../data/mk4s_manuel/SD_cards_and_USB_drives.md,580,CONTAINS
../data/mk4s_manuel/SD_cards_and_USB_drives.md,581,CONTAINS
../data/mk4s_manuel/SD_cards_and_USB_drives.md,582,CONTAINS
../data/mk4s_manuel/SD_cards_and_USB_drives.md,583,CONTAINS
../data/mk4s_manuel/SD_cards_and_USB_drives.md,584,CONTAINS
../data/mk4s_manuel/SD_cards_and_USB_drives.md,585,CONTAINS
../data/mk4s_manuel/SD_cards_and_USB_drives.md,586,CONTAINS
../data/mk4s_manuel/SD_cards_and_USB_drives.md,587,CONTAINS
../data/mk4s_manuel/SD_cards_and_USB_drives.md,588,CONTAINS
../data/mk4s_manuel/SD_cards_and_USB_drives.md,589,CONTAINS
../data/mk4s_manuel/SD_cards_and_USB_drives.md,590,CONTAINS
../data/mk4s_manuel/SD_cards_and_USB_drives.md,591,CONTAINS
../data/mk4s_manuel/SD_cards_and_USB_drives.md,592,CONTAINS
../data/mk4s_manuel/SD_cards_and_USB_drives.md,593,CONTAINS
../data/mk4s_manuel/SD_cards_and_USB_drives.md,594,CONTAINS
../data/mk4s_manuel/SD_cards_and_USB_drives.md,595,CONTAINS
../data/mk4s_manuel/SD_cards_and_USB_drives.md,596,CONTAINS
../data/mk4s_manuel/SD_cards_and_USB_drives.md,597,CONTAINS
../data/mk4s_manuel/SD_cards_and_USB_drives.md,598,CONTAINS
../data/mk4s_manuel/SD_cards_and_USB_drives.md,599,CONTAINS
../data/mk4s_manuel/SD_cards_and_USB_drives.md,600,CONTAINS
../data/mk4s_manuel/SD_cards_and_USB_drives.md,601,CONTAINS
../data/mk4s_manuel/SD_cards_and_USB_drives.md,602,CONTAINS
../data/mk4s_manuel/SD_cards_and_USB_drives.md,603,CONTAINS
../data/mk4s_manuel/SD_cards_and_USB_drives.md,604,CONTAINS
../data/mk4s_manuel/SD_cards_and_USB_drives.md,605,CONTAINS
../data/mk4s_manuel/SD_cards_and_USB_drives.md,606,CONTAINS
../data/mk4s_manuel/SD_cards_and_USB_drives.md,607,CONTAINS
../data/mk4s_manuel/SD_cards_and_USB_drives.md,608,CONTAINS
../data/mk4s_manuel/SD_cards_and_USB_drives.md,609,CONTAINS
../data/mk4s_manuel/SD_cards_and_USB_drives.md,610,CONTAINS
../data/mk4s_manuel/SD_cards_and_USB_drives.md,611,CONTAINS
../data/mk4s_manuel/SD_cards_and_USB_drives.md,612,CONTAINS
../data/mk4s_manuel/SD_cards_and_USB_drives.md,613,CONTAINS
../data/mk4s_manuel/SD_cards_and_USB_drives.md,614,CONTAINS
../data/mk4s_manuel/SD_cards_and_USB_drives.md,615,CONTAINS
../data/mk4s_manuel/SD_cards_and_USB_drives.md,616,CONTAINS
